insert into company values ('1', 'Volkswagen');

------------------------------------------------------------------

insert into brands values ('1', 'Volkswagen', 'Volkswagen');
insert into brands values ('2', 'Audi', 'Volkswagen');
insert into brands values ('3', 'SEAT', 'Volkswagen');
insert into brands values ('4', 'Skoda', 'Volkswagen');
insert into brands values ('5', 'Lamborghini', 'Volkswagen');
insert into brands values ('6', 'Bentley', 'Volkswagen');
insert into brands values ('7', 'Bugatti', 'Volkswagen');

------------------------------------------------------------------

insert into models values ('1', 'Audi A1', 'Audi', 21600);
insert into models values ('2', 'Audi A3', 'Audi', 33300);
insert into models values ('3', 'Audi Q7', 'Audi', 54800);
insert into models values ('4', 'Ateca', 'SEAT', 26500);
insert into models values ('5', 'Alhambra', 'SEAT', 15450);
insert into models values ('6', 'Leon', 'SEAT', 20855);
insert into models values ('7', 'Golf', 'Volkswagen', 23195);
insert into models values ('8', 'Caddy', 'Volkswagen', 35540);
insert into models values ('9', 'Passat', 'Volkswagen', 29155);
insert into models values ('10', 'Citigo', 'Skoda', 15387);
insert into models values ('11', 'Rapid', 'Skoda', 16300);
insert into models values ('12', 'Scala', 'Skoda', 15450);
insert into models values ('13', 'Centenario', 'Lamborghini', 190000);
insert into models values ('14', 'Urus', 'Lamborghini', 222000);
insert into models values ('15', 'Gallardo', 'Lamborghini', 160000);
insert into models values ('16', 'Flying Spur', 'Bentley', 214600);
insert into models values ('17', 'Continental GT', 'Bentley', 202500);
insert into models values ('18', 'Bentayga', 'Bentley', 177000);
insert into models values ('19', 'Chiron', 'Bugatti', 295000);
insert into models values ('20', 'Divo', 'Bugatti', 540000);
insert into models values ('21', 'Chiron Sport', 'Bugatti', 330000);

------------------------------------------------------------------

insert into options values ('1', 'blue', 'diesel', 'manual');
insert into options values ('2', 'red', 'gas', 'automatic');
insert into options values ('3', 'black', 'diesel', 'automatic');

insert into options values ('4', 'white', 'gas', 'manual');
insert into options values ('5', 'red', 'diesel', 'manual');
insert into options values ('6', 'silver', 'gas', 'automatic');

insert into options values ('7', 'black', 'gas', 'automatic');
insert into options values ('8', 'blue', 'gas', 'manual');
insert into options values ('9', 'white', 'gas', 'automatic');

insert into options values ('10', 'red', 'diesel', 'manual');
insert into options values ('11', 'red', 'diesel', 'automatic');
insert into options values ('12', 'black', 'diesel', 'manual');

insert into options values ('13', 'black', 'diesel', 'automatic');
insert into options values ('14', 'red', 'gas', 'automatic');
insert into options values ('15', 'white', 'gas', 'automatic');

insert into options values ('16', 'blue', 'gas', 'automatic');
insert into options values ('17', 'white', 'diesel', 'manual');
insert into options values ('18', 'black', 'diesel', 'automatic');

insert into options values ('19', 'white', 'diesel', 'manual');
insert into options values ('20', 'white', 'gas', 'automatic');
insert into options values ('21', 'red', 'diesel', 'automatic');

------------------------------------------------------------------

insert into vehicles values ('4IIIB84S5EW851489', '9');
insert into vehicles values ('3DCSR91J1TP405102', '7');
insert into vehicles values ('9CIRY76R2NG848296', '20');
insert into vehicles values ('7EMSK60G3NE459045', '21');
insert into vehicles values ('4NUWG44V3TJ677487', '8');
insert into vehicles values ('9IKVJ67W3FX621703', '4');
insert into vehicles values ('1DROS47X9XS534618', '6');
insert into vehicles values ('5OAUO35B2QL858647', '10');
insert into vehicles values ('8QHZB22V2SX761920', '16');
insert into vehicles values ('1WSBK34Q3UT484753', '19');
insert into vehicles values ('6JIMM74V3RA463738', '17');
insert into vehicles values ('9CVJX61H1EK760984', '13');
insert into vehicles values ('2TGXJ53O5FT910011', '18');
insert into vehicles values ('7ZQMS71T6BJ143659', '4');
insert into vehicles values ('1OLHE87X3DI937500', '7');
insert into vehicles values ('3ODQS34O4HH711450', '7');
insert into vehicles values ('3TOHN48M5OY835349', '9');
insert into vehicles values ('9OUJH53W9LX940848', '4');
insert into vehicles values ('1DZWT59Y3PG160628', '17');
insert into vehicles values ('8MRGF74W3BN840529', '19');
insert into vehicles values ('9KQOP73P5XM786071', '17');
insert into vehicles values ('3HGEV84D2JY460787', '11');
insert into vehicles values ('4DUYW64Y9PC267256', '16');
insert into vehicles values ('7QSWP60I5SY827264', '18');
insert into vehicles values ('8PUON39A2YG625142', '12');
insert into vehicles values ('2KOUV91O3PA538613', '10');
insert into vehicles values ('9FCIW71E1KY796966', '2');
insert into vehicles values ('1PVHV82O4IV882349', '4');
insert into vehicles values ('5UNQQ64Q1LK406322', '18');
insert into vehicles values ('9QVOF91C4KH516905', '15');
insert into vehicles values ('3PSBY70Q5EC295246', '16');
insert into vehicles values ('4UXMT85G5ON929904', '11');
insert into vehicles values ('8JMGS34C1TV538317', '5');
insert into vehicles values ('9MNFQ39Y2WI826250', '12');
insert into vehicles values ('5HPMJ76P5JC874388', '2');
insert into vehicles values ('3XCVD43E6RM949392', '20');
insert into vehicles values ('6VKYA48H2FW354801', '19');
insert into vehicles values ('6LRDM48M6DB835248', '21');
insert into vehicles values ('9MANJ29X5HG804561', '3');
insert into vehicles values ('3POZU82S8OL139151', '2');
insert into vehicles values ('9HVBA34G3MK625636', '12');
insert into vehicles values ('2DYQM69D1XX226200', '14');
insert into vehicles values ('5CZGT69U6AL219823', '20');
insert into vehicles values ('5LHKU90B6SX714771', '2');
insert into vehicles values ('5CIAQ31C8QK959504', '21');
insert into vehicles values ('5JJGS37W3RN449966', '13');
insert into vehicles values ('9IVWB27W8NN849646', '3');
insert into vehicles values ('8WFGL88L7GG677701', '6');
insert into vehicles values ('7HGOV38Y2PC199075', '18');
insert into vehicles values ('1HECU26B7FR570058', '19');
insert into vehicles values ('4RHPD91N6XY708421', '1');
insert into vehicles values ('2SION75V6TN130318', '20');
insert into vehicles values ('8GTHT48P4HQ372518', '6');
insert into vehicles values ('2IPNY49M6AG873666', '20');
insert into vehicles values ('6VBYQ61P3HH324985', '7');
insert into vehicles values ('1PMBM40D6ND689785', '16');
insert into vehicles values ('3HNAM41I3FB326933', '3');
insert into vehicles values ('1IDKH90N9NN408204', '4');
insert into vehicles values ('2QQUU74C2ML747225', '10');
insert into vehicles values ('3PKNK97W9YN462226', '14');

------------------------------------------------------------------

insert into manufacturing_plants values ('1', 'Volkswagen');
insert into manufacturing_plants values ('2', 'Volkswagen');
insert into manufacturing_plants values ('3', 'Volkswagen');
insert into manufacturing_plants values ('4', 'Volkswagen');
insert into manufacturing_plants values ('5', 'Volkswagen');
insert into manufacturing_plants values ('6', 'Volkswagen');

------------------------------------------------------------------

insert into mp_assemble values ('1', 'Barcelona');
insert into mp_assemble values ('3', 'Emden');
insert into mp_assemble values ('4', 'Ludwigsfelde');

------------------------------------------------------------------

insert into mp_parts values ('2', 'Anchieta', '36715', 'engine', '2021-10-25');
insert into mp_parts values ('2', 'Anchieta', '87815', 'engine', '2020-10-09');
insert into mp_parts values ('2', 'Anchieta', '91099', 'transmission', '2020-02-16');
insert into mp_parts values ('2', 'Anchieta', '50079', 'transmission', '2021-01-10');
insert into mp_parts values ('2', 'Anchieta', '42864', 'engine', '2021-01-06');
insert into mp_parts values ('2', 'Anchieta', '88047', 'transmission', '2020-01-21');
insert into mp_parts values ('2', 'Anchieta', '28052', 'transmission', '2020-09-25');
insert into mp_parts values ('2', 'Anchieta', '55739', 'transmission', '2020-09-02');
insert into mp_parts values ('2', 'Anchieta', '84088', 'transmission', '2020-02-15');
insert into mp_parts values ('2', 'Anchieta', '21825', 'engine', '2020-07-16');

insert into mp_parts values ('5', 'Anting', '55985', 'engine', '2021-07-05');
insert into mp_parts values ('5', 'Anting', '96956', 'engine', '2020-11-12');
insert into mp_parts values ('5', 'Anting', '94154', 'engine', '2021-02-06');
insert into mp_parts values ('5', 'Anting', '49148', 'engine', '2021-07-10');
insert into mp_parts values ('5', 'Anting', '50218', 'engine', '2021-01-19');
insert into mp_parts values ('5', 'Anting', '39443', 'engine', '2020-04-26');
insert into mp_parts values ('5', 'Anting', '16001', 'transmission', '2020-08-27');
insert into mp_parts values ('5', 'Anting', '12295', 'engine', '2020-09-07');
insert into mp_parts values ('5', 'Anting', '36293', 'transmission', '2021-07-19');
insert into mp_parts values ('5', 'Anting', '65385', 'transmission', '2021-05-25');

insert into mp_parts values ('6', 'Dalian', '24767', 'engine', '2020-10-19');
insert into mp_parts values ('6', 'Dalian', '68202', 'engine', '2021-04-03');
insert into mp_parts values ('6', 'Dalian', '79974', 'engine', '2021-10-27');
insert into mp_parts values ('6', 'Dalian', '76242', 'engine', '2021-07-29');
insert into mp_parts values ('6', 'Dalian', '20777', 'transmission', '2021-01-11');
insert into mp_parts values ('6', 'Dalian', '59897', 'transmission', '2020-11-07');
insert into mp_parts values ('6', 'Dalian', '48695', 'transmission', '2021-05-23');
insert into mp_parts values ('6', 'Dalian', '75193', 'engine', '2021-03-12');
insert into mp_parts values ('6', 'Dalian', '89927', 'engine', '2021-02-02');
insert into mp_parts values ('6', 'Dalian', '67290', 'engine', '2021-05-19');

------------------------------------------------------------------

insert into suppliers values ('1', 'Getrag', '77309', 'engine', '2021-06-07');
insert into suppliers values ('1', 'Getrag', '20382', 'transmission', '2021-07-11');
insert into suppliers values ('1', 'Getrag', '32402', 'transmission', '2020-09-19');
insert into suppliers values ('1', 'Getrag', '39225', 'engine', '2020-09-10');
insert into suppliers values ('1', 'Getrag', '63872', 'engine', '2021-04-15');
insert into suppliers values ('1', 'Getrag', '34570', 'transmission', '2021-01-16');
insert into suppliers values ('1', 'Getrag', '61964', 'transmission', '2020-04-14');
insert into suppliers values ('1', 'Getrag', '59006', 'transmission', '2020-03-16');
insert into suppliers values ('1', 'Getrag', '85125', 'engine', '2021-11-09');
insert into suppliers values ('1', 'Getrag', '34060', 'transmission', '2020-05-21');

insert into suppliers values ('2', 'Nemak', '97036', 'engine', '2021-01-21');
insert into suppliers values ('2', 'Nemak', '17891', 'transmission', '2021-03-28');
insert into suppliers values ('2', 'Nemak', '86912', 'transmission', '2021-04-04');
insert into suppliers values ('2', 'Nemak', '31516', 'transmission', '2020-05-27');
insert into suppliers values ('2', 'Nemak', '43846', 'transmission', '2021-01-15');
insert into suppliers values ('2', 'Nemak', '54345', 'transmission', '2020-10-12');
insert into suppliers values ('2', 'Nemak', '50074', 'transmission', '2020-02-01');
insert into suppliers values ('2', 'Nemak', '88611', 'transmission', '2021-10-13');
insert into suppliers values ('2', 'Nemak', '64070', 'engine', '2020-05-08');
insert into suppliers values ('2', 'Nemak', '22296', 'transmission', '2021-05-07');

insert into suppliers values ('3', 'STIWA', '10074', 'transmission', '2020-08-18');
insert into suppliers values ('3', 'STIWA', '66547', 'transmission', '2021-08-06');
insert into suppliers values ('3', 'STIWA', '31620', 'engine', '2021-08-27');
insert into suppliers values ('3', 'STIWA', '30493', 'engine', '2020-09-01');
insert into suppliers values ('3', 'STIWA', '41566', 'transmission', '2020-09-30');
insert into suppliers values ('3', 'STIWA', '99986', 'transmission', '2020-10-19');
insert into suppliers values ('3', 'STIWA', '62838', 'engine', '2021-04-12');
insert into suppliers values ('3', 'STIWA', '85975', 'engine', '2020-05-20');
insert into suppliers values ('3', 'STIWA', '11329', 'transmission', '2021-08-21');
insert into suppliers values ('3', 'STIWA', '35547', 'transmission', '2020-11-26');

------------------------------------------------------------------

insert into assemble_cars values ('1', '36715', '4IIIB84S5EW851489', '1', '2021-10-25');
insert into assemble_cars values ('2', '87815', '3DCSR91J1TP405102', '1', '2020-10-09');
insert into assemble_cars values ('3', '91099', '9CIRY76R2NG848296', '1', '2020-02-16');
insert into assemble_cars values ('4', '50079', '7EMSK60G3NE459045', '4', '2021-01-10');
insert into assemble_cars values ('5', '42864', '4NUWG44V3TJ677487', '3', '2021-01-06');
insert into assemble_cars values ('6', '88047', '9IKVJ67W3FX621703', '3', '2020-01-21');
insert into assemble_cars values ('7', '28052', '1DROS47X9XS534618', '4', '2020-09-25');
insert into assemble_cars values ('8', '55739', '5OAUO35B2QL858647', '1', '2020-09-02');
insert into assemble_cars values ('9', '84088', '8QHZB22V2SX761920', '4', '2020-02-15');
insert into assemble_cars values ('10', '21825', '1WSBK34Q3UT484753', '4', '2020-07-16');
insert into assemble_cars values ('11', '55985', '6JIMM74V3RA463738', '4', '2021-07-05');
insert into assemble_cars values ('12', '96956', '9CVJX61H1EK760984', '3', '2020-11-12');
insert into assemble_cars values ('13', '94154', '2TGXJ53O5FT910011', '4', '2021-02-06');
insert into assemble_cars values ('14', '49148', '7ZQMS71T6BJ143659', '1', '2021-07-10');
insert into assemble_cars values ('15', '50218', '1OLHE87X3DI937500', '3', '2021-01-19');
insert into assemble_cars values ('16', '39443', '3ODQS34O4HH711450', '4', '2020-04-26');
insert into assemble_cars values ('17', '16001', '3TOHN48M5OY835349', '3', '2020-08-27');
insert into assemble_cars values ('18', '12295', '9OUJH53W9LX940848', '1', '2020-09-07');
insert into assemble_cars values ('19', '36293', '1DZWT59Y3PG160628', '3', '2021-07-19');
insert into assemble_cars values ('20', '65385', '8MRGF74W3BN840529', '4', '2021-05-25');
insert into assemble_cars values ('21', '24767', '9KQOP73P5XM786071', '3', '2020-10-19');
insert into assemble_cars values ('22', '68202', '3HGEV84D2JY460787', '1', '2021-04-03');
insert into assemble_cars values ('23', '79974', '4DUYW64Y9PC267256', '3', '2021-10-27');
insert into assemble_cars values ('24', '76242', '7QSWP60I5SY827264', '3', '2021-07-29');
insert into assemble_cars values ('25', '20777', '8PUON39A2YG625142', '3', '2021-01-11');
insert into assemble_cars values ('26', '59897', '2KOUV91O3PA538613', '1', '2020-11-07');
insert into assemble_cars values ('27', '48695', '9FCIW71E1KY796966', '4', '2021-05-23');
insert into assemble_cars values ('28', '75193', '1PVHV82O4IV882349', '1', '2021-03-12');
insert into assemble_cars values ('29', '89927', '5UNQQ64Q1LK406322', '4', '2021-02-02');
insert into assemble_cars values ('30', '67290', '9QVOF91C4KH516905', '4', '2021-05-19');
insert into assemble_cars values ('31', '77309', '3PSBY70Q5EC295246', '4', '2021-06-07');
insert into assemble_cars values ('32', '20382', '4UXMT85G5ON929904', '4', '2021-07-11');
insert into assemble_cars values ('33', '32402', '8JMGS34C1TV538317', '1', '2020-09-19');
insert into assemble_cars values ('34', '39225', '9MNFQ39Y2WI826250', '1', '2020-09-10');
insert into assemble_cars values ('35', '63872', '5HPMJ76P5JC874388', '3', '2021-04-15');
insert into assemble_cars values ('36', '34570', '3XCVD43E6RM949392', '3', '2021-01-16');
insert into assemble_cars values ('37', '61964', '6VKYA48H2FW354801', '4', '2020-04-14');
insert into assemble_cars values ('38', '59006', '6LRDM48M6DB835248', '1', '2020-03-16');
insert into assemble_cars values ('39', '85125', '9MANJ29X5HG804561', '3', '2021-11-09');
insert into assemble_cars values ('40', '34060', '3POZU82S8OL139151', '3', '2020-05-21');
insert into assemble_cars values ('41', '97036', '9HVBA34G3MK625636', '1', '2021-01-21');
insert into assemble_cars values ('42', '17891', '2DYQM69D1XX226200', '4', '2021-03-28');
insert into assemble_cars values ('43', '86912', '5CZGT69U6AL219823', '1', '2021-04-04');
insert into assemble_cars values ('44', '31516', '5LHKU90B6SX714771', '4', '2020-05-27');
insert into assemble_cars values ('45', '43846', '5CIAQ31C8QK959504', '4', '2021-01-15');
insert into assemble_cars values ('46', '54345', '5JJGS37W3RN449966', '4', '2020-10-12');
insert into assemble_cars values ('47', '50074', '9IVWB27W8NN849646', '4', '2020-02-01');
insert into assemble_cars values ('48', '88611', '8WFGL88L7GG677701', '3', '2021-10-13');
insert into assemble_cars values ('49', '64070', '7HGOV38Y2PC199075', '3', '2020-05-08');
insert into assemble_cars values ('50', '22296', '1HECU26B7FR570058', '1', '2021-05-07');
insert into assemble_cars values ('51', '10074', '4RHPD91N6XY708421', '3', '2020-08-18');
insert into assemble_cars values ('52', '66547', '2SION75V6TN130318', '3', '2021-08-06');
insert into assemble_cars values ('53', '31620', '8GTHT48P4HQ372518', '3', '2021-08-27');
insert into assemble_cars values ('54', '30493', '2IPNY49M6AG873666', '3', '2020-09-01');
insert into assemble_cars values ('55', '41566', '6VBYQ61P3HH324985', '1', '2020-09-30');
insert into assemble_cars values ('56', '99986', '1PMBM40D6ND689785', '1', '2020-10-19');
insert into assemble_cars values ('57', '62838', '3HNAM41I3FB326933', '1', '2021-04-12');
insert into assemble_cars values ('58', '85975', '1IDKH90N9NN408204', '4', '2020-05-20');
insert into assemble_cars values ('59', '11329', '2QQUU74C2ML747225', '4', '2021-08-21');
insert into assemble_cars values ('60', '35547', '3PKNK97W9YN462226', '1', '2020-11-26');

------------------------------------------------------------------

insert into dealers values ('1', 'Ethan Bob', '+7 928-347-91-31', 'Baker 69');
insert into dealers values ('2', 'David Hunter', '+2 714-815-26-91', 'Chzhan Czichjun 98');
insert into dealers values ('3', 'Olivia Donald', '+1 604-579-21-32', 'Lombard 109');
insert into dealers values ('4', 'John Andrew', '+6 583-256-40-66', 'Novaya 93');
insert into dealers values ('5', 'John Theodor', '+8 531-734-38-81', 'Sovetskaya 47');
insert into dealers values ('6', 'Stella Andrew', '+1 848-429-50-13', 'Lombard 52');
insert into dealers values ('7', 'Anjelina Biden', '+7 810-633-42-29', 'Tolebi 23');
insert into dealers values ('8', 'Anjelina Connor', '+7 619-600-72-83', 'Cat 92');
insert into dealers values ('9', 'Aiden Ryan', '+8 900-217-48-98', 'Abai 163');
insert into dealers values ('10', 'Anjelina Nathan', '+6 800-798-48-40', 'Novaya 162');


------------------------------------------------------------------

insert into deal_purchase values ('4IIIB84S5EW851489', '10', '2021-11-25');
insert into deal_purchase values ('3DCSR91J1TP405102', '10', '2020-11-09');
insert into deal_purchase values ('9CIRY76R2NG848296', '5', '2020-3-16');
insert into deal_purchase values ('7EMSK60G3NE459045', '5', '2021-2-10');
insert into deal_purchase values ('4NUWG44V3TJ677487', '5', '2021-2-06');
insert into deal_purchase values ('9IKVJ67W3FX621703', '4', '2020-2-21');
insert into deal_purchase values ('1DROS47X9XS534618', '6', '2020-10-25');
insert into deal_purchase values ('5OAUO35B2QL858647', '1', '2020-10-02');
insert into deal_purchase values ('8QHZB22V2SX761920', '3', '2020-3-15');
insert into deal_purchase values ('1WSBK34Q3UT484753', '6', '2020-8-16');
insert into deal_purchase values ('6JIMM74V3RA463738', '7', '2021-8-05');
insert into deal_purchase values ('9CVJX61H1EK760984', '9', '2020-12-12');
insert into deal_purchase values ('2TGXJ53O5FT910011', '9', '2021-3-06');
insert into deal_purchase values ('7ZQMS71T6BJ143659', '5', '2021-8-10');
insert into deal_purchase values ('1OLHE87X3DI937500', '5', '2021-2-19');
insert into deal_purchase values ('3ODQS34O4HH711450', '1', '2020-5-26');
insert into deal_purchase values ('3TOHN48M5OY835349', '6', '2020-9-27');
insert into deal_purchase values ('9OUJH53W9LX940848', '9', '2020-10-07');
insert into deal_purchase values ('1DZWT59Y3PG160628', '5', '2021-8-19');
insert into deal_purchase values ('8MRGF74W3BN840529', '2', '2021-6-25');
insert into deal_purchase values ('9KQOP73P5XM786071', '8', '2020-11-19');
insert into deal_purchase values ('3HGEV84D2JY460787', '7', '2021-5-03');
insert into deal_purchase values ('4DUYW64Y9PC267256', '1', '2021-11-27');
insert into deal_purchase values ('7QSWP60I5SY827264', '7', '2021-8-29');
insert into deal_purchase values ('8PUON39A2YG625142', '4', '2021-2-11');
insert into deal_purchase values ('2KOUV91O3PA538613', '5', '2020-12-07');
insert into deal_purchase values ('9FCIW71E1KY796966', '7', '2021-6-23');
insert into deal_purchase values ('1PVHV82O4IV882349', '6', '2021-4-12');
insert into deal_purchase values ('5UNQQ64Q1LK406322', '6', '2021-3-02');
insert into deal_purchase values ('9QVOF91C4KH516905', '7', '2021-6-19');
insert into deal_purchase values ('3PSBY70Q5EC295246', '1', '2021-7-07');
insert into deal_purchase values ('4UXMT85G5ON929904', '8', '2021-8-11');
insert into deal_purchase values ('8JMGS34C1TV538317', '10', '2020-10-19');
insert into deal_purchase values ('9MNFQ39Y2WI826250', '9', '2020-10-10');
insert into deal_purchase values ('5HPMJ76P5JC874388', '7', '2021-5-15');
insert into deal_purchase values ('3XCVD43E6RM949392', '9', '2021-2-16');
insert into deal_purchase values ('6VKYA48H2FW354801', '1', '2020-5-14');
insert into deal_purchase values ('6LRDM48M6DB835248', '1', '2020-4-16');
insert into deal_purchase values ('9MANJ29X5HG804561', '7', '2021-12-09');
insert into deal_purchase values ('3POZU82S8OL139151', '9', '2020-6-21');
insert into deal_purchase values ('9HVBA34G3MK625636', '5', '2021-2-21');
insert into deal_purchase values ('2DYQM69D1XX226200', '8', '2021-4-28');
insert into deal_purchase values ('5CZGT69U6AL219823', '7', '2021-5-04');
insert into deal_purchase values ('5LHKU90B6SX714771', '4', '2020-6-27');
insert into deal_purchase values ('5CIAQ31C8QK959504', '6', '2021-2-15');
insert into deal_purchase values ('5JJGS37W3RN449966', '8', '2020-11-12');
insert into deal_purchase values ('9IVWB27W8NN849646', '8', '2020-3-01');
insert into deal_purchase values ('8WFGL88L7GG677701', '4', '2021-11-13');
insert into deal_purchase values ('7HGOV38Y2PC199075', '10', '2020-6-08');
insert into deal_purchase values ('1HECU26B7FR570058', '7', '2021-6-07');
insert into deal_purchase values ('4RHPD91N6XY708421', '6', '2020-9-18');
insert into deal_purchase values ('2SION75V6TN130318', '2', '2021-9-06');
insert into deal_purchase values ('8GTHT48P4HQ372518', '9', '2021-9-27');
insert into deal_purchase values ('2IPNY49M6AG873666', '7', '2020-10-01');
insert into deal_purchase values ('6VBYQ61P3HH324985', '7', '2020-10-30');
insert into deal_purchase values ('1PMBM40D6ND689785', '10', '2020-11-19');
insert into deal_purchase values ('3HNAM41I3FB326933', '7', '2021-5-12');
insert into deal_purchase values ('1IDKH90N9NN408204', '5', '2020-6-20');
insert into deal_purchase values ('2QQUU74C2ML747225', '8', '2021-9-21');
insert into deal_purchase values ('3PKNK97W9YN462226', '8', '2020-12-26');

------------------------------------------------------------------

insert into customers values ('1', 'Novaya 692', '+4 537-819-38-96');
insert into customers values ('2', 'Chzhan Czichjun 628', '+5 748-757-22-31');
insert into customers values ('3', 'Tolebi 625', '+4 708-538-24-20');
insert into customers values ('4', 'Novaya 24', '+1 495-594-74-12');
insert into customers values ('5', 'Chzhao Denui 425', '+3 889-541-27-45');
insert into customers values ('6', 'Abai 421', '+4 564-307-90-67');
insert into customers values ('7', 'Gartenstrabe 117', '+1 696-267-34-46');
insert into customers values ('8', 'Gartenstrabe 73', '+6 981-283-20-69');
insert into customers values ('9', 'Chzhan Czichjun 16', '+8 732-270-29-75');
insert into customers values ('10', 'Chzhan Czichjun 325', '+6 929-351-27-93');
insert into customers values ('11', 'Chzhan Czichjun 346', '+7 736-218-29-16');
insert into customers values ('12', 'Bahnhofstrabe 176', '+8 918-610-51-23');
insert into customers values ('13', 'Novaya 855', '+6 787-593-56-84');
insert into customers values ('14', 'Sovetskaya 875', '+6 703-329-69-86');
insert into customers values ('15', 'Bahnhofstrabe 953', '+4 785-214-92-45');
insert into customers values ('16', 'Naberezhnaya 828', '+4 751-585-39-34');
insert into customers values ('17', 'Lame 257', '+2 533-726-94-41');
insert into customers values ('18', 'Manshuk 924', '+3 762-276-69-85');
insert into customers values ('19', 'Tolebi 309', '+3 765-428-19-49');
insert into customers values ('20', 'Abylai 474', '+6 655-400-72-30');

------------------------------------------------------------------

insert into orders values('1', '4', '20', '4IIIB84S5EW851489', '2021-12-1');
insert into orders values('2', '6', '3', '3DCSR91J1TP405102', '2020-11-10');
insert into orders values('3', '1', '16', '9CIRY76R2NG848296', '2022-4-22');
insert into orders values('4', '7', '4', '7EMSK60G3NE459045', '2021-2-11');
insert into orders values('5', '4', '16', '4NUWG44V3TJ677487', '2021-2-9');
insert into orders values('6', '6', '11', '9IKVJ67W3FX621703', '2020-3-30');
insert into orders values('7', '10', '15', '1DROS47X9XS534618', '2020-11-28');
insert into orders values('8', '4', '19', '5OAUO35B2QL858647', '2020-11-3');
insert into orders values('9', '9', '3', '8QHZB22V2SX761920', '2020-4-19');
insert into orders values('10', '8', '2', '1WSBK34Q3UT484753', '2022-8-24');
insert into orders values('11', '3', '15', '6JIMM74V3RA463738', '2021-9-8');
insert into orders values('12', '5', '9', '9CVJX61H1EK760984', '2021-1-8');
insert into orders values('13', '5', '15', '2TGXJ53O5FT910011', '2022-3-16');
insert into orders values('14', '6', '8', '7ZQMS71T6BJ143659', '2021-8-14');
insert into orders values('15', '1', '2', '1OLHE87X3DI937500', '2021-3-27');
insert into orders values('16', '4', '14', '3ODQS34O4HH711450', '2020-6-30');
insert into orders values('17', '1', '16', '3TOHN48M5OY835349', '2022-9-30');
insert into orders values('18', '1', '5', '9OUJH53W9LX940848', '2020-11-10');
insert into orders values('19', '7', '11', '1DZWT59Y3PG160628', '2021-8-21');
insert into orders values('20', '9', '2', '8MRGF74W3BN840529', '2021-7-26');
insert into orders values('21', '2', '7', '9KQOP73P5XM786071', '2020-11-27');
insert into orders values('22', '7', '6', '3HGEV84D2JY460787', '2022-6-4');
insert into orders values('23', '7', '13', '4DUYW64Y9PC267256', '2021-12-5');
insert into orders values('24', '7', '12', '7QSWP60I5SY827264', '2021-10-5');
insert into orders values('25', '9', '4', '8PUON39A2YG625142', '2021-3-15');
insert into orders values('26', '10', '1', '2KOUV91O3PA538613', '2020-12-8');
insert into orders values('27', '2', '1', '9FCIW71E1KY796966', '2021-7-1');
insert into orders values('28', '2', '9', '1PVHV82O4IV882349', '2021-5-13');
insert into orders values('29', '2', '3', '5UNQQ64Q1LK406322', '2022-3-4');
insert into orders values('30', '5', '13', '9QVOF91C4KH516905', '2021-6-21');
insert into orders values('31', '4', '9', '3PSBY70Q5EC295246', '2021-7-16');
insert into orders values('32', '9', '4', '4UXMT85G5ON929904', '2021-8-13');
insert into orders values('33', '5', '20', '8JMGS34C1TV538317', '2020-10-23');
insert into orders values('34', '7', '11', '9MNFQ39Y2WI826250', '2020-11-16');
insert into orders values('35', '9', '5', '5HPMJ76P5JC874388', '2021-5-20');
insert into orders values('36', '1', '20', '3XCVD43E6RM949392', '2021-2-24');
insert into orders values('37', '3', '5', '6VKYA48H2FW354801', '2020-6-24');
insert into orders values('38', '2', '17', '6LRDM48M6DB835248', '2020-5-19');
insert into orders values('39', '6', '4', '9MANJ29X5HG804561', '2022-1-17');
insert into orders values('40', '1', '14', '3POZU82S8OL139151', '2020-7-30');
insert into orders values('41', '8', '15', '9HVBA34G3MK625636', '2021-2-26');
insert into orders values('42', '1', '17', '2DYQM69D1XX226200', '2021-6-4');
insert into orders values('43', '6', '10', '5CZGT69U6AL219823', '2021-6-9');
insert into orders values('44', '3', '11', '5LHKU90B6SX714771', '2020-7-2');
insert into orders values('45', '5', '5', '5CIAQ31C8QK959504', '2021-2-22');
insert into orders values('46', '10', '9', '5JJGS37W3RN449966', '2020-12-16');
insert into orders values('47', '3', '5', '9IVWB27W8NN849646', '2022-4-7');
insert into orders values('48', '10', '5', '8WFGL88L7GG677701', '2021-11-15');
insert into orders values('49', '10', '7', '7HGOV38Y2PC199075', '2020-7-16');
insert into orders values('50', '8', '14', '1HECU26B7FR570058', '2021-7-8');

------------------------------------------------------------------

insert into individual_buyer values ('16', 'Erik Flynn', 'Male', 57537);
insert into individual_buyer values ('5', 'Erik Warner', 'Male', 380264);
insert into individual_buyer values ('7', 'Conner Flynn', 'Male', 150228);
insert into individual_buyer values ('3', 'Lucie Warren', 'Female', 300984);
insert into individual_buyer values ('11', 'Paula Howells', 'Female', 128437);
insert into individual_buyer values ('1', 'Paula Warren', 'Female', 46931);
insert into individual_buyer values ('8', 'Erik Sherman', 'Male', 49396);
insert into individual_buyer values ('14', 'Paula Flynn', 'Female', 379669);
insert into individual_buyer values ('17', 'Eloise Walton', 'Female', 119571);
insert into individual_buyer values ('15', 'Lucie Bright', 'Female', 234649);


insert into company_buyer values ('2', 'The Helping Hands', 992961);
insert into company_buyer values ('4', 'Scoot Over Services', 3560854);
insert into company_buyer values ('9', 'Vortex Solar', 3293696);
insert into company_buyer values ('10', 'Quad Goals', 3787735);
insert into company_buyer values ('13', 'Don’t Break a Bill', 758170);
insert into company_buyer values ('6', 'Maxxx Energy', 1124532);
insert into company_buyer values ('12', 'Don’t Break a Bill', 4985676);
insert into company_buyer values ('19', 'Hook, Line, and Sinker', 2425425);
insert into company_buyer values ('20', 'Don’t Break a Bill', 1557798);
insert into company_buyer values ('18', 'Maxxx Energy', 1337683);



